time,0 or 1
1597204933.434146,0
1597204934.436357,0
1597204935.438436,1
1597204936.440339,1
1597204937.442413,0
1597204938.444444,0
1597204939.446522,0
1597204940.718746,1
1597204941.720725,1
1597204942.722803,0
1597204943.724832,0
1597204944.7269,0
